post_id	title	content	username	timestamp	upvotes	upvoters	downvoters
a0-3TvM8Uo10LTs-tmuQiX3__8klRc5jIQCp4Q	My first post...again	Welp, here we are again i guess woo hoo	hughe195	1618447252	0	username	username
RcVP4a-_HE2GiGIBgQY54YsHlTS4Cr0uV7iRWQ	my second post	I gotta keep making these posts man we need to test pagination	hughe195	1618543485	0	username	username
sKaPej-lKm5SAJEDlyXoaZytyVtvVCt7esO6jw	My third post	I've implemented the SQLAlchemy stuff now, I'm checking to see if anything breaks because of it	hughe195	1618952843	0	username	username
1kVvsUkFDzsEDOuaR41AjSKCc0NjG3ivgFXqQA	post 4!	and now user authentication works! that's neat	hughe195	1618957793	-1		username
yBRtXKFLHpw89qwriRWkXS5OTiDbs3igbcejYQ	this is my new post!	this will be the only post left once I delete the other one	username	1618967136	0		
aqa9o6PS5sL71llBNMjDQtIPcrr0qkvAsCzLZg	I need to make more posts	this will help me test out pagination later on	username	1618978037	0		
cJNGYQHnNM8bsbsDNQyJo6oWY8sGe7lMZEP3ag	trechoy's first post!!	wow hi I'm new here pls don't bully me!!	trechoy	1618978069	0	username	username
fUUUw8Plm3nKdr9O7YSy5IC1y468EfWKT0WanA	Anotha one	another day another post I guess	username2	1618978102	0	username	username
Pq5TsWLlxYx-2zFg2a2bCtG20MhNOYttKeZkTg	another anotha one	wait something weird is goin on	username2	1618978138	0	username	username
He35ITxKt1gHYUNzN7hL21Mvb3Qh3ayItn_3Vg	I wanna make another post!	Wow so many posts now incredible	hughe195	1618980410	0	username	username
qDkk2MmfpmRl2Mw-hxTnBp6KuU9Jnk0xSSxXIA	the eleventh post	let's see what happens with double pagination ooooooo	hughe195	1618980957	0	username	username
